{
  "video_id": "_h8EmxUwR_k",
  "url": "https://www.youtube.com/watch?v=_h8EmxUwR_k",
  "title": "Amazon KDP Keyword Research Guide That Actually Helps (Find $10k/Mth Book Topics)",
  "channel": "Ken Fornari | Amazon KDP",
  "publish_date": "20250101",
  "duration_seconds": 1686,
  "view_count": 27974,
  "description": "Free Email Course (And spreadsheet)  \ud83d\udc49\ud83c\udffb  https://emailcourse.publishermasteryacademy.com/\nJoin PMA (My Coaching Program) \ud83d\udc49\ud83c\udffb https://program.publishermasteryacademy.com/\n\nBtw, you can learn how to get a clear KDP roadmap to follow with hand-held guidance if you click this link \ud83d\udc49\ud83c\udffb https://program.publishermasteryacademy.com/\n\nBookBeam (The Green Tool):  https://bookbeam.io/?ref=118  (Use code KEN10 for yearly plans or KEN15 for monthly)\n\n\nBest Seller Category: https://www.amazon.com/gp/bestsellers/books \n\n(Free) DS Amazon Quick View (to view BSR): https://chromewebstore.google.com/detail/ds-amazon-quick-view/jkompbllimaoekaogchhkmkdogpkhojg\n---------------------------------------------------------------\n\nIn this video, I go over my proven keyword research method to find winning book topics.\n\nRESOURCES:\n\nReviews:\nBookBite Free Trial \ud83d\udc49\ud83c\udffc  https://bookbite.co/?via=ken \n15% Off Pubby \ud83d\udc49\ud83c\udffc https://pubby.co/?invite=12780 \n\nFree Facebook Group \ud83d\udc47\ud83c\udffc\n http://www.facebook.com/groups/publishermastery \n\n",
  "tags": [
    "amazon kdp",
    "keyword research",
    "kindle direct publishing",
    "bookbeam"
  ],
  "transcript_lang": "auto",
  "transcript_word_count": 6015,
  "collected_at": "2026-02-17T22:18:31.199111"
}