{
  "video_id": "_h8EmxUwR_k",
  "decision": "extract",
  "reason": "heuristic pass + phi3:mini confirmed",
  "confidence": 0.5,
  "stage": "llm",
  "model_used": "phi3:mini",
  "kdp_term_hits": [
    "kdp",
    "amazon",
    "bsr",
    "niche",
    "keyword",
    "low content",
    "self-publish",
    "book topic",
    "category",
    "reviews",
    "competition",
    "profitable",
    "coloring book"
  ],
  "transcript_word_count": 6015,
  "triaged_at": "2026-02-17T22:19:09.053474"
}