{
  "version": "2.0",
  "generated_at": "2026-02-17T22:32:31.842211",
  "auto_apply_min_confidence": "medium",
  "based_on_video_count": 3,
  "based_on_videos": [
    "57QNGdvsKhE",
    "HXU0BjOu4BU",
    "_h8EmxUwR_k"
  ],
  "recommended_thresholds": {
    "median_reviews": 200.0
  },
  "delta_scale": 0.1,
  "score_max": 1.0,
  "boost_rules": [
    {
      "name": "low_review_boost",
      "condition": "If median reviews are below 200, prioritize niches with low competition",
      "machine_rule": {
        "field": "median_reviews",
        "op": "lt",
        "value": 200
      },
      "weight": 0.7,
      "support_count": 2,
      "confidence": "high",
      "provenance": [
        "_h8EmxUwR_k",
        "57QNGdvsKhE"
      ]
    },
    {
      "name": "Low Review Signal",
      "condition": "If median_reviews < 200 then boost",
      "machine_rule": {
        "field": "median_reviews",
        "op": "lt",
        "value": 200
      },
      "weight": 0.7,
      "support_count": 2,
      "confidence": "high",
      "provenance": [
        "_h8EmxUwR_k",
        "57QNGdvsKhE"
      ]
    }
  ],
  "penalty_rules": [],
  "filter_rules": [
    {
      "name": "Competitive Keyword Filtering",
      "condition": "If a keyword has high search volume but excessive competition, prioritize alternative terms",
      "machine_rule": {
        "field": "competitor_count",
        "op": "gt",
        "value": 100
      },
      "confidence": "medium",
      "source": "heuristic"
    }
  ],
  "candidate_rules": [
    {
      "name": "Winning Book Ratio",
      "condition": "If low review books outnumber dead books, prioritize the keyword",
      "machine_rule": {
        "field": "median_reviews",
        "op": "lt",
        "value": 200
      },
      "weight": 0.7,
      "support_count": 1,
      "confidence": "low",
      "provenance": [
        "_h8EmxUwR_k"
      ]
    },
    {
      "name": "Dead Book Indicator",
      "condition": "If low review counts dominate search results, the niche is undersaturated",
      "machine_rule": {
        "field": "median_reviews",
        "op": "lt",
        "value": 200
      },
      "weight": 0.7,
      "support_count": 1,
      "confidence": "low",
      "provenance": [
        "_h8EmxUwR_k"
      ]
    },
    {
      "name": "Ad Keyword Selection",
      "condition": "If median reviews are less than 200, prioritize keywords with high search volume",
      "machine_rule": {
        "field": "median_reviews",
        "op": "lt",
        "value": 200
      },
      "weight": 0.7,
      "support_count": 1,
      "confidence": "low",
      "provenance": [
        "HXU0BjOu4BU"
      ]
    },
    {
      "name": "Opportunity Score Prioritization",
      "condition": "If a keyword has an opportunity score of 9 or higher, prioritize it for listing optimization",
      "machine_rule": {
        "field": "opportunity_score",
        "op": "gte",
        "value": 9
      },
      "weight": 0.8,
      "support_count": 1,
      "confidence": "low",
      "provenance": [
        "HXU0BjOu4BU"
      ]
    },
    {
      "name": "Seasonal Niche Capitalization",
      "condition": "If a niche shows consistent top 1,000 seasonal rankings across multiple years, then prioritize publishing in that niche during relevant seasons",
      "machine_rule": {
        "field": "seasonal_ranking_consistency",
        "op": "gte",
        "value": 3
      },
      "weight": 0.8,
      "support_count": 1,
      "confidence": "low",
      "provenance": [
        "57QNGdvsKhE"
      ]
    }
  ],
  "top_tactics_summary": [
    "[low/1x] bsr_review_analysis: Identify profitable book topics by analyzing bestseller rank and review counts of existing books",
    "[low/1x] Deep Click Method: Navigate Amazon categories, click into books, and explore recommended titles to uncover untapped topics",
    "[low/1x] Deep Category Clicking: Explore hidden book topics by clicking into underexposed categories and books to uncover niche topics with lower competi",
    "[low/1x] Keyword Validation: Validate keywords by analyzing search volume, BSR, review counts, and topic saturation",
    "[low/1x] Organic Keyword Optimization: Identify high-demand, low-competition keywords for book listings to improve organic rankings.",
    "[low/1x] Ad Keyword Targeting: Use high-demand keywords in Amazon ads to push books to top search results regardless of organic competition",
    "[low/1x] Free Tool Expansion: Use free keyword research tool to expand broad keywords into related terms with demand/opportunity scores",
    "[low/1x] Keyword Research for Listings and Ads: Use free and pro tools to identify high-demand keywords with low competition for book listings and ad campaigns."
  ],
  "top_patterns_summary": [
    "[high/3x] IDENTITY + PROBLEM + CONSTRAINT: Combine specific audience identities with targeted problems and unique constraints",
    "[low/1x] PRODUCT + AUDIENCE + USE_CASE: Identify keywords combining product, target audience, and specific use scenario",
    "[low/1x] SPECIFICITY + NICHED AUDIENCE: Target hyper-specific keywords that combine product type with unique audience interests"
  ],
  "raw_counts": {
    "tactics": 11,
    "heuristics": 8,
    "claims": 11,
    "niche_patterns": 3
  },
  "notes": ""
}