{
  "video_id": "HXU0BjOu4BU",
  "url": "https://www.youtube.com/watch?v=HXU0BjOu4BU",
  "title": "The Best FREE Keyword KDP Research Tool For Beginners (2025)",
  "channel": "Samazonkdp",
  "publish_date": "20250406",
  "duration_seconds": 1053,
  "view_count": 15082,
  "description": "\u25ba Access The Tool Here: https://tinyurl.com/3akkbawp\nUse code 'sambarnes' for a discount.\n\n---------------------------------------------------------------------------------------------------------------------------\n\nLet me help you build a successful Amazon KDP Business\ud83d\udc47\n\n\u25ba Free Amazon KDP Training: https://www.passiveselfpublishing.com/free-training-sign-up\n\n\u25ba My Beginner KDP Course (\u00a349): https://www.passiveselfpublishing.com/publish-for-profit-academy?video=HXU0BjOu4BU\n\n\u25ba My Advanced KDP Course (\u00a3795): https://www.passiveselfpublishing.com/?video=HXU0BjOu4BU\n\n---------------------------------------------------------------------------------------------------------------------------\n\nIn this video, I show you the best FREE tool for Amazon KDP research in 2025. This tool allows you to find profitable keywords that allow your Amazon KDP books to be found and make you more sales.\n\nIn this video I will also show you what you need to look for when it comes to keywords on Amazon KDP.\n\n00:00",
  "tags": [
    "Amazon KDP",
    "kdp",
    "kindle direct publishing",
    "amazon KDP",
    "sam barnes",
    "sam barnes kdp"
  ],
  "transcript_lang": "auto",
  "transcript_word_count": 4305,
  "collected_at": "2026-02-17T22:18:35.899854"
}