{
  "video_id": "LVSRbshg6Y0",
  "url": "https://www.youtube.com/watch?v=LVSRbshg6Y0",
  "title": "How I tripled my Amazon KDP sales in 1 month ( Keyword Research For Beginners )",
  "channel": "EmpoweredEarnings",
  "publish_date": "20230904",
  "duration_seconds": 565,
  "view_count": 92515,
  "description": "In this video, I share how I tripled my Amazon KDP sales in 1 month -  my Keyword research strategy\n\nGrab my BOOKBEAM link https://l.linklyhq.com/l/1sZ8u and code EMPOWER50 to get a 50% discount on your first month for monthly plans or EMPOWER10 for 10% off your yearly plan.\n\n\ud83d\udc49 SUBSCRIBE - https://2ly.link/1vr8e\n\n\u2728 Free Resources\u2728\n5 Free KDP Niches - https://l.linklyhq.com/l/1uAke\n20 Free Midjourney Prompts - https://l.linklyhq.com/l/1trvQ\n40 Free Etsy Listing - https://etsy.me/3t24Bcc\n\n\u2728 MY FAVORITE BUSINESS TOOLS\u2728\nCanva - https://www.canva.com/\nElevenlabs.io - elevenlabs.io/?from=partnerterry8514\nMydesigns - https://l.linklyhq.com/l/1trvJ\nBookBeam:  - https://l.linklyhq.com/l/1sZ8u (Use EMPOWER50 to get a 50% discount on your first month for monthly plans or EMPOWER10 for 10% off your yearly plan))\nMidjourney - https://www.midjourney.com/\nFiverr - https://l.linklyhq.com/l/1s5zp\nInvideo - https://invideo.sjv.io/WqRjeG\nCreativeFabrica - https://www.creativefabrica.com/",
  "tags": [
    "amazon kdp sales",
    "how to get more sales on amazon kdp",
    "how to make more sales on amazon kdp",
    "how to get sales on amazon kdp",
    "amazon kdp book sales",
    "how to increase amazon kdp sales",
    "how to make sales on amazon kdp",
    "kindle direct publishing 2023",
    "low content books kdp",
    "side hustles 2023",
    "kdp amazon",
    "kdp niche research",
    "kdp keyword research",
    "kdp publishing",
    "amazon kdp tutorial",
    "kdp keywords strategy",
    "kindle direct publishing",
    "make money online"
  ],
  "transcript_lang": "auto",
  "transcript_word_count": 1531,
  "collected_at": "2026-02-17T22:18:46.103978"
}