{
  "video_id": "LVSRbshg6Y0",
  "decision": "extract",
  "reason": "heuristic pass + phi3:mini confirmed",
  "confidence": 0.5,
  "stage": "llm",
  "model_used": "phi3:mini",
  "kdp_term_hits": [
    "kdp",
    "amazon",
    "bsr",
    "niche",
    "keyword",
    "royalty",
    "self-publish",
    "paperback",
    "category",
    "reviews",
    "competition",
    "profitable",
    "passive income"
  ],
  "transcript_word_count": 1531,
  "triaged_at": "2026-02-17T22:19:15.239720"
}