{
  "video_id": "57QNGdvsKhE",
  "url": "https://www.youtube.com/watch?v=57QNGdvsKhE",
  "title": "Bookbeam KDP Keyword Research Tool Big Update! - Review and Tutorial",
  "channel": "Sean Dollwet",
  "publish_date": "20250718",
  "duration_seconds": 709,
  "view_count": 15511,
  "description": "\u25ba Bookbeam (Discount Code SEAN10): https://seandollwet.com/bookbeam\n\n\ud83d\udcda\ud83d\udc49 Book a free call with my team to see if our 1:1 coaching is the right fit for you. See our actual students, strategies and results: http://pages.royaltyhero.com/yt-apply?utm_content=57QNGdvsKhE\n\n\ud83d\ude80 Write and Publish Your First Book in Just 7 Days: https://seandollwet.com/7dbc/57QNGdvsKhE\n\n\n\n\ud83d\udcd9 Get Your Best-Selling Book Cover Designed at: \n\n\u25ba Fiverr: https://seandollwet.com/fiverr-book-covers\n\n\n\u270d\ufe0f Where I Find Ghostwriters:\n\n\u25ba The Urban Writers:  https://seandollwet.com/TUW \n\n\n\ud83d\udd27 Recommended Tools:\n\n\u25ba Get Book Reviews Fast and Easy: https://seandollwet.com/bookbounty \n\n\u25ba DFY Service That Runs All of My Amazon Ads: https://seandollwet.com/adsology\n\n\u25ba KDSpy - Keyword Research Tool: https://seandollwet.com/kdspy\n\n\u25ba Kalodata - Tiktok Research Tool (Code 'royaltyhero' for 10% Off): https://seandollwet.com/kalodata \n\n\u25ba Free Keyword Research Tool: https://seandollwet.com/self-publishing-titans\n\n\u25ba TikTok Shop Fulfillment Cent",
  "tags": [
    "self publishing",
    "amazon kdp",
    "how to make money online",
    "amazon kdp publishing",
    "low content books",
    "low content publishing",
    "kdp income report",
    "kdp niche research",
    "kdp low content",
    "Audiobook Publishing",
    "write a book with chatgpt",
    "how to write a book",
    "self publishing on amazon",
    "how to write a book with ai",
    "how to publish a book",
    "how to publish a book on amazon",
    "kdp publishing",
    "amazon kdp for beginners",
    "amazon kdp coloring book",
    "amazon kdp tutorial",
    "How to Write an ebook with AI"
  ],
  "transcript_lang": "auto",
  "transcript_word_count": 2416,
  "collected_at": "2026-02-17T22:18:41.104861"
}