{
  "video_id": "9BqtXHpvDG8",
  "url": "https://www.youtube.com/watch?v=9BqtXHpvDG8",
  "title": "Amazon KDP Keyword Research - THIS is How I Got My Books to Sell #kdp",
  "channel": "Gabrielle Nu\u00f1ez",
  "publish_date": "20250202",
  "duration_seconds": 1415,
  "view_count": 3661,
  "description": "\ud83c\udfaf Watch the EXACT Amazon KDP keyword research strategy that ranked my book on page 1 and got my old books to sell! \n\nUsing this self publishing keyword research tool and step by step method, I went from zero sales to consistently selling books on Kindle Direct Publishing - and I'm showing you how!\n\n\u2022 Self Publishing Titans \ud83d\udfe3 KDP Masterclass & Tools: \nhttps://hello.gabriellenunez.com/SPTitans\n(I got Titans Pro Amazon and installed the Chrome Extension)\n\n\u2022 \ud83d\udcda Get UNLIMITED book reviews with GEMSY! \nGet 30% LIFETIME discount with code: GABRIELLE30\nhttps://hello.gabriellenunez.com/Gemsy\n\n\ud83d\ude80 FREE Book Launch Checklist PDF\nhttps://hello.gabriellenunez.com/KDP-LaunchChecklist\n\nOTHER USEFUL AMAZON KDP TOOLS\n\n\ud83d\udc49 Complete KDP Resources list: \nhttps://hello.gabriellenunez.com/Resources\n\n\u2022 Easily Create Books with Book Bolt \u26a1: Get a LIFETIME 20% DISCOUNT!\nuse code GABRIELLE20  (case sensitive, must be in CAPS)\nhttps://hello.gabriellenunez.com/Bookbolt\n\n\u2022 Coloring Book AI \ud83c\udfa8 - Try it for Free: \nhttps:/",
  "tags": [
    "gabrielle nunez",
    "make money online",
    "kdp publishing",
    "how to self publish a book",
    "kindle publishing keywords",
    "self published books",
    "amazon kdp keyword research tool",
    "amazon ranking strategy",
    "kindle direct publishing keywords",
    "how to do keyword research for amazon kdp",
    "best keyword research tool for amazon kdp",
    "self publishing titans extension",
    "kdp niche research tools",
    "self publishing titans quick view",
    "self publishing titans pro review",
    "amazon kdp for beginners step by step"
  ],
  "transcript_lang": "auto",
  "transcript_word_count": 3858,
  "collected_at": "2026-02-17T22:18:51.619778"
}